day,case,weight,calories_burned,bmr
1,rigorous exercise,217.8961725830302,363.3959593943628,1694.1680000000001
2,rigorous exercise,217.79239461620952,363.222883872339,1693.6970388366249
3,rigorous exercise,217.68866607598625,363.0498907814363,1693.2263019791262
4,rigorous exercise,217.58498693881984,362.87698008239494,1692.7557893206736
5,rigorous exercise,217.48135718118098,362.704151735974,1692.2855007544867
6,rigorous exercise,217.37777677955157,362.53140570295113,1691.815436173837
7,rigorous exercise,217.27424571042468,362.35874194412287,1691.3455954720457
8,rigorous exercise,217.1707639503046,362.1861604203041,1690.8759785424863
9,rigorous exercise,217.0673314757068,362.0136610923286,1690.4065852785816
10,rigorous exercise,216.96394826315793,361.84124392104883,1689.937415573806
11,rigorous exercise,216.86061428919584,361.66890886733563,1689.4684693216843
12,rigorous exercise,216.75732953036953,361.49665589207876,1688.9997464157923
13,rigorous exercise,216.6540939632392,361.32448495618655,1688.531246749756
14,rigorous exercise,216.5509075643762,361.15239602058597,1688.062970217253
15,rigorous exercise,216.44777031036298,360.9803890462223,1687.5949167120102
16,rigorous exercise,216.34468217779326,360.8084639940597,1687.1270861278065
17,rigorous exercise,216.2416431432718,360.63662082508114,1686.65947835847
18,rigorous exercise,216.1386531834146,360.46485950028756,1686.192093297881
19,rigorous exercise,216.03571227484866,360.29317998069905,1685.7249308399687
20,rigorous exercise,215.93282039421229,360.1215822273539,1685.2579908787134
21,rigorous exercise,215.82997751815478,359.95006620130914,1684.7912733081469
22,rigorous exercise,215.7271836233366,359.7786318636404,1684.32477802235
23,rigorous exercise,215.62443868642933,359.6072791754416,1683.858504915455
24,rigorous exercise,215.52174268411565,359.4360080978254,1683.3924538816434
25,rigorous exercise,215.4190955930894,359.2648185919229,1682.9266248151484
26,rigorous exercise,215.31649739005542,359.0937106188838,1682.4610176102533
27,rigorous exercise,215.21394805172974,358.92268413987614,1681.9956321612913
28,rigorous exercise,215.11144755483943,358.7517391160866,1681.530468362646
29,rigorous exercise,215.00899587612264,358.5808755087203,1681.0655261087518
30,rigorous exercise,214.90659299232863,358.4100932790009,1680.6008052940924
31,rigorous exercise,214.80423888021772,358.2393923881702,1680.1363058132026
32,rigorous exercise,214.7019335165613,358.068772797489,1679.6720275606676
33,rigorous exercise,214.5996768781418,357.8982344682362,1679.207970431122
34,rigorous exercise,214.49746894175274,357.7277773617092,1678.744134319251
35,rigorous exercise,214.39530968419868,357.5574014392238,1678.2805191197904
36,rigorous exercise,214.29319908229522,357.38710666211426,1677.8171247275252
37,rigorous exercise,214.191137112869,357.21689299173323,1677.3539510372912
38,rigorous exercise,214.08912375275773,357.046760389452,1676.8909979439736
39,rigorous exercise,213.9871589788101,356.87670881665986,1676.428265342509
40,rigorous exercise,213.88524276788587,356.70673823476477,1675.9657531278826
41,rigorous exercise,213.78337509685582,356.53684860519303,1675.5034611951303
42,rigorous exercise,213.6815559426017,356.3670398893892,1675.041389439338
43,rigorous exercise,213.57978528201633,356.1973120488163,1674.5795377556412
44,rigorous exercise,213.47806309200348,356.02766504495565,1674.117906039226
45,rigorous exercise,213.37638934947796,355.858098839307,1673.6564941853278
46,rigorous exercise,213.27476403136558,355.6886133933882,1673.195302089232
47,rigorous exercise,213.17318711460308,355.51920866873587,1672.734329646274
48,rigorous exercise,213.07165857613825,355.3498846269046,1672.2735767518395
49,rigorous exercise,212.97017839292982,355.1806412294673,1671.813043301363
50,rigorous exercise,212.86874654194753,355.0114784380153,1671.3527291903297
51,rigorous exercise,212.76736300017205,354.84239621415816,1670.892634314274
52,rigorous exercise,212.66602774459506,354.6733945195237,1670.4327585687804
53,rigorous exercise,212.56474075221914,354.5044733157582,1669.973101849483
54,rigorous exercise,212.46350200005784,354.335632564526,1669.513664052066
55,rigorous exercise,212.3623114651357,354.1668722275098,1669.0544450722623
56,rigorous exercise,212.26116912448813,353.9981922664104,1668.5954448058555
57,rigorous exercise,212.16007495516158,353.8295926429471,1668.136663148678
58,rigorous exercise,212.05902893421333,353.6610733188572,1667.678099996613
59,rigorous exercise,211.95803103871165,353.4926342558963,1667.2197552455916
60,rigorous exercise,211.85708124573569,353.32427541583826,1666.761628791596
61,rigorous exercise,211.75617953237554,353.15599676047515,1666.303720530657
62,rigorous exercise,211.65532587573222,352.9877982516171,1665.8460303588554
63,rigorous exercise,211.55452025291763,352.81967985109276,1665.3885581723212
64,rigorous exercise,211.45376264105457,352.6516415207484,1664.9313038672344
65,rigorous exercise,211.35305301727672,352.48368322244903,1664.4742673398234
66,rigorous exercise,211.2523913587287,352.3158049180775,1664.0174484863671
67,rigorous exercise,211.15177764256597,352.1480065695349,1663.5608472031931
68,rigorous exercise,211.0512118459549,351.9802881387405,1663.104463386679
69,rigorous exercise,210.9506939460727,351.81264958763154,1662.6482969332515
70,rigorous exercise,210.8502239201075,351.64509087816367,1662.1923477393857
71,rigorous exercise,210.74980174525828,351.47761197231046,1661.7366157016077
72,rigorous exercise,210.64942739873484,351.3102128320637,1661.2811007164914
73,rigorous exercise,210.54910085775785,351.14289341943316,1660.8258026806611
74,rigorous exercise,210.44882209955887,350.9756536964466,1660.3707214907895
75,rigorous exercise,210.34859110138026,350.8084936251504,1659.9158570435989
76,rigorous exercise,210.24840784047524,350.6414131676083,1659.4612092358607
77,rigorous exercise,210.14827229410784,350.4744122859026,1659.0067779643955
78,rigorous exercise,210.04818443955295,350.30749094213354,1658.552563126073
79,rigorous exercise,209.94814425409626,350.1406490984193,1658.0985646178121
80,rigorous exercise,209.8481517150343,349.97388671689623,1657.6447823365806
81,rigorous exercise,209.7482067996744,349.8072037597187,1657.1912161793957
82,rigorous exercise,209.64830948533466,349.6406001890591,1656.737866043323
83,rigorous exercise,209.54845974934406,349.4740759671077,1656.284731825478
84,rigorous exercise,209.44865756904233,349.3076310560729,1655.8318134230246
85,rigorous exercise,209.34890292178,349.14126541818115,1655.3791107331758
86,rigorous exercise,209.24919578491838,348.97497901567687,1654.926623653194
87,rigorous exercise,209.14953613582958,348.8087718108223,1654.4743520803897
88,rigorous exercise,209.04992395189646,348.6426437658979,1654.022295912123
89,rigorous exercise,208.9503592105127,348.47659484320184,1653.5704550458022
90,rigorous exercise,208.85084188908266,348.3106250050504,1653.1188293788855
91,rigorous exercise,208.75137196502158,348.14473421377784,1652.667418808879
92,rigorous exercise,208.65194941575535,347.97892243173624,1652.2162232333378
93,rigorous exercise,208.5525742187207,347.81318962129575,1651.7652425498663
94,rigorous exercise,208.45324635136504,347.6475357448443,1651.3144766561172
95,rigorous exercise,208.35396579114652,347.48196076478786,1650.8639254497916
96,rigorous exercise,208.25473251553407,347.31646464355015,1650.4135888286405
97,rigorous exercise,208.15554650200733,347.15104734357294,1649.9634666904626
98,rigorous exercise,208.05640772805666,346.9857088273158,1649.5135589331053
99,rigorous exercise,207.95731617118315,346.82044905725627,1649.063865454465
100,rigorous exercise,207.85827180889862,346.6552679958896,1648.6143861524868
101,rigorous exercise,207.75927461872556,346.49016560572915,1648.165120925164
102,rigorous exercise,207.6603245781972,346.32514184930574,1647.7160696705391
103,rigorous exercise,207.56142166485742,346.1601966891685,1647.2672322867024
104,rigorous exercise,207.46256585626088,345.99533008788416,1646.8186086717933
105,rigorous exercise,207.36375712997287,345.8305420080371,1646.3701987239992
106,rigorous exercise,207.26499546356936,345.6658324122299,1645.922002341557
107,rigorous exercise,207.16628083463706,345.5012012630827,1645.4740194227506
108,rigorous exercise,207.0676132207733,345.3366485232336,1645.0262498659135
109,rigorous exercise,206.96899259958604,345.17217415533827,1644.5786935694277
110,rigorous exercise,206.87041894869404,345.00777812207036,1644.1313504317222
111,rigorous exercise,206.77189224572658,344.84346038612125,1643.684220351276
112,rigorous exercise,206.67341246832368,344.6792209102,1643.2373032266157
113,rigorous exercise,206.57497959413595,344.5150596570337,1642.790598956316
114,rigorous exercise,206.4765936008247,344.3509765893668,1642.3441074390007
115,rigorous exercise,206.37825446606186,344.1869716699616,1641.897828573341
116,rigorous exercise,206.27996216753,344.0230448615985,1641.4517622580565
117,rigorous exercise,206.18171668292226,343.8591961270753,1641.005908391916
118,rigorous exercise,206.0835179899425,343.6954254292075,1640.5602668737354
119,rigorous exercise,205.98536606630512,343.5317327308283,1640.114837602379
120,rigorous exercise,205.8872608897352,343.36811799478886,1639.66962047676
121,rigorous exercise,205.78920243796836,343.20458118395777,1639.2246153958388
122,rigorous exercise,205.69119068875085,343.0411222612213,1638.7798222586243
123,rigorous exercise,205.59322561983956,342.87774118948363,1638.3352409641739
124,rigorous exercise,205.49530720900194,342.7144379316664,1637.8908714115923
125,rigorous exercise,205.39743543401602,342.55121245070904,1637.4467135000327
126,rigorous exercise,205.29961027267044,342.3880647095685,1637.0027671286966
127,rigorous exercise,205.20183170276437,342.2249946712195,1636.559032196833
128,rigorous exercise,205.10409970210762,342.06200229865425,1636.1155086037393
129,rigorous exercise,205.0064142485205,341.8990875548827,1635.67219624876
130,rigorous exercise,204.90877531983395,341.7362504029324,1635.229095031289
131,rigorous exercise,204.81118289388942,341.57349080584856,1634.7862048507668
132,rigorous exercise,204.71363694853895,341.4108087266938,1634.3435256066823
133,rigorous exercise,204.61613746164508,341.24820412854854,1633.9010571985727
134,rigorous exercise,204.51868441108093,341.0856769745107,1633.4587995260222
135,rigorous exercise,204.42127777473016,340.9232272276957,1633.016752488663
136,rigorous exercise,204.32391753048694,340.7608548512367,1632.574915986176
137,rigorous exercise,204.226603656256,340.59855980828416,1632.1332899182887
138,rigorous exercise,204.12933612995258,340.4363420620066,1631.6918741847771
139,rigorous exercise,204.0321149295024,340.2742015755893,1631.250668685465
140,rigorous exercise,203.93494003284175,340.11213831223586,1630.8096733202228
141,rigorous exercise,203.8378114179174,339.9501522351668,1630.36888798897
142,rigorous exercise,203.74072906268665,339.7882433076206,1629.9283125916734
143,rigorous exercise,203.64369294511727,339.6264114928529,1629.4879470283468
144,rigorous exercise,203.5467030431875,339.46465675413725,1629.047791199052
145,rigorous exercise,203.44975933488615,339.30297905476414,1628.6078450038985
146,rigorous exercise,203.35286179821242,339.14137835804206,1628.1681083430435
147,rigorous exercise,203.25601041117605,338.9798546272966,1627.7285811166914
148,rigorous exercise,203.15920515179724,338.81840782587113,1627.2892632250946
149,rigorous exercise,203.06244599810663,338.6570379171263,1626.8501545685522
150,rigorous exercise,202.96573292814534,338.49574486444004,1626.4112550474115
151,rigorous exercise,202.869065919965,338.3345286312082,1625.9725645620672
152,rigorous exercise,202.77244495162762,338.1733891808437,1625.5340830129612
153,rigorous exercise,202.67587000120568,338.0123264767767,1625.0958103005828
154,rigorous exercise,202.57934104678213,337.8513404824555,1624.657746325469
155,rigorous exercise,202.48285806645032,337.690431161345,1624.2198909882036
156,rigorous exercise,202.38642103831404,337.529598476928,1623.7822441894186
157,rigorous exercise,202.29002994048756,337.36884239270444,1623.3448058297924
158,rigorous exercise,202.1936847510955,337.20816287219196,1622.9075758100516
159,rigorous exercise,202.09738544827295,337.04755987892526,1622.4705540309692
160,rigorous exercise,202.00113201016538,336.8870333764564,1622.033740393366
161,rigorous exercise,201.9049244149287,336.7265833283549,1621.5971347981101
162,rigorous exercise,201.8087626407292,336.5662096982079,1621.1607371461164
163,rigorous exercise,201.71264666574362,336.40591244961934,1620.7245473383477
164,rigorous exercise,201.616576468159,336.2456915462111,1620.288565275813
165,rigorous exercise,201.52055202617282,336.0855469516217,1619.8527908595693
166,rigorous exercise,201.42457331799295,335.9254786295076,1619.4172239907198
167,rigorous exercise,201.32864032183767,335.7654865435423,1618.9818645704158
168,rigorous exercise,201.23275301593554,335.6055706574165,1618.5467124998556
169,rigorous exercise,201.13691137852558,335.4457309348383,1618.1117676802837
170,rigorous exercise,201.04111538785713,335.28596733953316,1617.677030012992
171,rigorous exercise,200.94536502218992,335.1262798352437,1617.24249939932
172,rigorous exercise,200.849660259794,334.96666838573003,1616.8081757406535
173,rigorous exercise,200.75400107894978,334.80713295476903,1616.3740589384256
174,rigorous exercise,200.65838745794804,334.64767350615546,1615.9401488941162
175,rigorous exercise,200.56281937508984,334.4882900037009,1615.5064455092522
176,rigorous exercise,200.46729680868663,334.3289824112342,1615.0729486854075
177,rigorous exercise,200.37181973706018,334.16975069260167,1614.6396583242026
178,rigorous exercise,200.27638813854256,334.0105948116665,1614.206574327305
179,rigorous exercise,200.1810019914762,333.8515147323094,1613.773696596429
180,rigorous exercise,200.08566127421378,333.6925104184281,1613.3410250333359
181,rigorous exercise,199.99036596511837,333.5335818339377,1612.9085595398337
182,rigorous exercise,199.8951160425633,333.3747289427702,1612.4763000177768
183,rigorous exercise,199.79991148493218,333.2159517088751,1612.044246369067
184,rigorous exercise,199.70475227061897,333.05725009621875,1611.6123984956523
185,rigorous exercise,199.60963837802788,332.898624068785,1611.1807562995277
186,rigorous exercise,199.51456978557343,332.74007359057464,1610.7493196827345
187,rigorous exercise,199.4195464716804,332.58159862560547,1610.3180885473612
188,rigorous exercise,199.32456841478387,332.4231991379129,1609.8870627955423
189,rigorous exercise,199.22963559332914,332.264875091549,1609.4562423294597
190,rigorous exercise,199.13474798577184,332.1066264505831,1609.025627051341
191,rigorous exercise,199.03990557057782,331.9484531791019,1608.595216863461
192,rigorous exercise,198.9451083262232,331.7903552412088,1608.1650116681408
193,rigorous exercise,198.85035623119433,331.6323326010243,1607.7350113677485
194,rigorous exercise,198.75564926398783,331.4743852226865,1607.3052158646974
195,rigorous exercise,198.6609874031106,331.31651307035014,1606.8756250614488
196,rigorous exercise,198.5663706270797,331.15871610818715,1606.4462388605098
197,rigorous exercise,198.47179891442244,331.0009943003864,1606.0170571644335
198,rigorous exercise,198.3772722436764,330.8433476111541,1605.58807987582
199,rigorous exercise,198.28279059338934,330.6857760047132,1605.1593068973161
200,rigorous exercise,198.18835394211925,330.52827944530384,1604.730738131614
201,rigorous exercise,198.09396226843435,330.3708578971834,1604.3023734814528
202,rigorous exercise,197.99961555091303,330.2135113246257,1603.8742128496183
203,rigorous exercise,197.9053137681439,330.05623969192214,1603.4462561389414
204,rigorous exercise,197.8110568987258,329.899042963381,1603.018503252301
205,rigorous exercise,197.71684492126772,329.7419211033273,1602.5909540926202
206,rigorous exercise,197.62267781438882,329.58487407610335,1602.1636085628702
207,rigorous exercise,197.52855555671852,329.42790184606827,1601.7364665660675
208,rigorous exercise,197.43447812689635,329.2710043775982,1601.3095280052753
209,rigorous exercise,197.34044550357203,329.1141816350864,1600.8827927836019
210,rigorous exercise,197.24645766540547,328.95743358294277,1600.4562608042027
211,rigorous exercise,197.15251459106673,328.8007601855944,1600.0299319702792
212,rigorous exercise,197.05861625923603,328.6441614074853,1599.6038061850786
213,rigorous exercise,196.96476264860374,328.48763721307637,1599.1778833518947
214,rigorous exercise,196.87095373787037,328.3311875668454,1598.7521633740666
215,rigorous exercise,196.77718950574658,328.17481243328723,1598.32664615498
216,rigorous exercise,196.68346993095318,328.0185117769134,1597.9013315980665
217,rigorous exercise,196.5897949922211,327.86228556225245,1597.4762196068036
218,rigorous exercise,196.49616466829144,327.70613375384994,1597.0513100847147
219,rigorous exercise,196.40257893791537,327.5500563162682,1596.62660293537
220,rigorous exercise,196.3090377798542,327.39405321408634,1596.202098062384
221,rigorous exercise,196.21554117287937,327.2381244119006,1595.7777953694185
222,rigorous exercise,196.12208909577242,327.0822698743238,1595.3536947601808
223,rigorous exercise,196.028681527325,326.9264895659859,1594.9297961384236
224,rigorous exercise,195.93531844633884,326.77078345153336,1594.5060994079463
225,rigorous exercise,195.8419998316258,326.6151514956298,1594.082604472593
226,rigorous exercise,195.7487256620078,326.45959366295546,1593.6593112362546
227,rigorous exercise,195.6554959163169,326.3041099182076,1593.2362196028675
228,rigorous exercise,195.56231057339517,326.14870022610006,1592.8133294764134
229,rigorous exercise,195.4691696120948,325.99336455136364,1592.3906407609204
230,rigorous exercise,195.376073011278,325.8381028587459,1591.9681533604619
231,rigorous exercise,195.28302074981715,325.68291511301123,1591.545867179157
232,rigorous exercise,195.1900128065946,325.5278012789406,1591.1237821211707
233,rigorous exercise,195.0970491605028,325.3727613213321,1590.7018980907133
234,rigorous exercise,195.0041297904442,325.21779520500036,1590.2802149920408
235,rigorous exercise,194.9112546753314,325.0629028947767,1589.858732729455
236,rigorous exercise,194.81842379408698,324.9080843555093,1589.4374512073032
237,rigorous exercise,194.72563712564354,324.75333955206327,1589.0163703299786
238,rigorous exercise,194.63289464894373,324.5986684493201,1588.5954900019192
239,rigorous exercise,194.54019634294025,324.4440710121782,1588.174810127609
240,rigorous exercise,194.4475421865958,324.28954720555265,1587.754330611577
241,rigorous exercise,194.35493215888312,324.13509699437526,1587.3340513583985
242,rigorous exercise,194.26236623878495,323.9807203435946,1586.9139722726936
243,rigorous exercise,194.16984440529404,323.82641721817583,1586.4940932591285
244,rigorous exercise,194.07736663741315,323.67218758310077,1586.074414222414
245,rigorous exercise,193.98493291415505,323.5180314033681,1585.654935067306
246,rigorous exercise,193.89254321454248,323.363948643993,1585.2356556986074
247,rigorous exercise,193.8001975176082,323.2099392700074,1584.8165760211646
248,rigorous exercise,193.70789580239494,323.05600324645985,1584.3976959398708
249,rigorous exercise,193.6156380479554,322.9021405384155,1583.9790153596634
250,rigorous exercise,193.52342423335227,322.74835111095615,1583.5605341855257
251,rigorous exercise,193.43125433765823,322.5946349291804,1583.142252322486
252,rigorous exercise,193.3391283399559,322.44099195820326,1582.7241696756178
253,rigorous exercise,193.24704621933785,322.28742216315646,1582.3062861500398
254,rigorous exercise,193.15500795490664,322.13392550918826,1581.8886016509164
255,rigorous exercise,193.06301352577478,321.98050196146363,1581.4711160834563
256,rigorous exercise,192.97106291106473,321.82715148516405,1581.0538293529144
257,rigorous exercise,192.8791560899089,321.67387404548765,1580.6367413645896
258,rigorous exercise,192.78729304144957,321.52066960764904,1580.2198520238267
259,rigorous exercise,192.69547374483903,321.3675381368795,1579.8031612360153
260,rigorous exercise,192.60369817923947,321.21447959842675,1579.3866689065899
261,rigorous exercise,192.51196632382303,321.0614939575551,1578.97037494103
262,rigorous exercise,192.42027815777172,320.90858117954554,1578.5542792448614
263,rigorous exercise,192.32863366027752,320.75574122969545,1578.1383817236524
264,rigorous exercise,192.23703281054227,320.6029740733187,1577.722682283019
265,rigorous exercise,192.14547558777778,320.4502796757459,1577.3071808286197
266,rigorous exercise,192.0539619712057,320.29765800232394,1576.89187726616
267,rigorous exercise,191.9624919400576,320.1451090184163,1576.476771501389
268,rigorous exercise,191.8710654735749,319.992632689403,1576.0618634401012
269,rigorous exercise,191.779682551009,319.8402289806805,1575.6471529881358
270,rigorous exercise,191.6883431516211,319.68789785766165,1575.2326400513766
271,rigorous exercise,191.5970472546823,319.535639285776,1574.8183245357532
272,rigorous exercise,191.5057948394736,319.38345323046946,1574.4042063472389
273,rigorous exercise,191.41458588528582,319.2313396572042,1573.9902853918522
274,rigorous exercise,191.32342037141967,319.07929853145913,1573.5765615756563
275,rigorous exercise,191.23229827718575,318.9273298187295,1573.1630348047597
276,rigorous exercise,191.14121958190447,318.7754334845269,1572.7497049853146
277,rigorous exercise,191.05018426490608,318.62360949437954,1572.3365720235188
278,rigorous exercise,190.9591923055307,318.47185781383183,1571.923635825614
279,rigorous exercise,190.8682436831283,318.32017840844475,1571.5108962978873
280,rigorous exercise,190.77733837705864,318.16857124379555,1571.09835334667
281,rigorous exercise,190.68647636669135,318.017036285478,1570.686006878338
282,rigorous exercise,190.59565763140589,317.8655734991022,1570.273856799312
283,rigorous exercise,190.50488215059153,317.71418285029466,1569.861903016057
284,rigorous exercise,190.4141499036473,317.5628643046983,1569.4501454350832
285,rigorous exercise,190.32346086998217,317.4116178279721,1569.0385839629441
286,rigorous exercise,190.2328150290148,317.26044338579186,1568.627218506239
287,rigorous exercise,190.14221236017372,317.1093409438495,1568.2160489716111
288,rigorous exercise,190.0516528428972,316.95831046785315,1567.805075265748
289,rigorous exercise,189.96113645663334,316.8073519235275,1567.3942972953816
290,rigorous exercise,189.87066318084,316.6564652766135,1566.983714967289
291,rigorous exercise,189.7802329949849,316.5056504928682,1566.5733281882904
292,rigorous exercise,189.68984587854547,316.35490753806533,1566.1631368652515
293,rigorous exercise,189.5995018110089,316.20423637799473,1565.753140905082
294,rigorous exercise,189.5092007718722,316.0536369784624,1565.3433402147364
295,rigorous exercise,189.4189427406421,315.9031093052909,1564.9337347012124
296,rigorous exercise,189.32872769683516,315.7526533243188,1564.5243242715526
297,rigorous exercise,189.2385556199776,315.6022690014013,1564.1151088328443
298,rigorous exercise,189.1484264896055,315.45195630240937,1563.7060882922183
299,rigorous exercise,189.05834028526456,315.3017151932307,1563.2972625568505
300,rigorous exercise,188.96829698651035,315.1515456397689,1562.88863153396
301,rigorous exercise,188.87829657290808,315.00144760794404,1562.480195130811
302,rigorous exercise,188.78833902403275,314.85142106369227,1562.071953254711
303,rigorous exercise,188.69842431946904,314.70146597296605,1561.6639058130127
304,rigorous exercise,188.60855243881142,314.55158230173396,1561.2560527131116
305,rigorous exercise,188.518723361664,314.40177001598096,1560.8483938624486
306,rigorous exercise,188.42893706764065,314.2520290817081,1560.4409291685079
307,rigorous exercise,188.33919353636495,314.1023594649325,1560.033658538818
308,rigorous exercise,188.24949274747019,313.9527611316876,1559.6265818809513
309,rigorous exercise,188.15983468059932,313.8032340480232,1559.2196991025248
310,rigorous exercise,188.07021931540504,313.65377818000496,1558.8130101111983
311,rigorous exercise,187.9806466315497,313.5043934937149,1558.4065148146774
312,rigorous exercise,187.89111660870535,313.35507995525086,1558.0002131207093
313,rigorous exercise,187.8016292265537,313.2058375307274,1557.5941049370874
314,rigorous exercise,187.7121844647862,313.0566661862747,1557.1881901716474
315,rigorous exercise,187.6227823031039,312.9075658880393,1556.78246873227
316,rigorous exercise,187.53342272121756,312.75853660218394,1556.3769405268793
317,rigorous exercise,187.4441056988476,312.6095782948874,1555.9716054634428
318,rigorous exercise,187.3548312157241,312.4606909323444,1555.5664634499726
319,rigorous exercise,187.26559925158674,312.3118744807659,1555.1615143945246
320,rigorous exercise,187.1764097861849,312.1631289063791,1554.7567582051975
321,rigorous exercise,187.08726279927765,312.01445417542686,1554.3521947901347
322,rigorous exercise,186.9981582706336,311.86585025416866,1553.9478240575236
323,rigorous exercise,186.90909618003107,311.7173171088798,1553.543645915594
324,rigorous exercise,186.82007650725797,311.5688547058515,1553.1396602726209
325,rigorous exercise,186.73109923211186,311.4204630113911,1552.7358670369222
326,rigorous exercise,186.64216433439992,311.27214199182225,1552.3322661168595
327,rigorous exercise,186.55327179393893,311.1238916134843,1551.928857420838
328,rigorous exercise,186.4644215905553,310.97571184273284,1551.5256408573068
329,rigorous exercise,186.37561370408503,310.82760264593935,1551.1226163347587
330,rigorous exercise,186.28684811437375,310.6795639894914,1550.7197837617296
331,rigorous exercise,186.19812480127666,310.5315958397926,1550.3171430467992
332,rigorous exercise,186.1094437446586,310.38369816326247,1549.9146940985909
333,rigorous exercise,186.02080492439393,310.2358709263367,1549.5124368257714
334,rigorous exercise,185.93220832036664,310.08811409546666,1549.1103711370508
335,rigorous exercise,185.84365391247033,309.94042763711997,1548.708496941183
336,rigorous exercise,185.75514168060812,309.7928115177802,1548.3068141469653
337,rigorous exercise,185.6666716046927,309.6452657039467,1547.9053226632384
338,rigorous exercise,185.57824366464638,309.49779016213483,1547.5040223988863
339,rigorous exercise,185.489857840401,309.3503848588761,1547.102913262836
340,rigorous exercise,185.40151411189794,309.2030497607178,1546.7019951640589
341,rigorous exercise,185.31321245908816,309.0557848342231,1546.301268011569
342,rigorous exercise,185.22495286193217,308.9085900459712,1545.9007317144237
343,rigorous exercise,185.1367353004,308.76146536255715,1545.5003861817243
344,rigorous exercise,185.04855975447126,308.614410750592,1545.1002313226145
345,rigorous exercise,184.96042620413505,308.46742617670253,1544.7002670462816
346,rigorous exercise,184.87233462939002,308.3205116075316,1544.3004932619565
347,rigorous exercise,184.7842850102444,308.1736670097379,1543.9009098789131
348,rigorous exercise,184.69627732671583,308.026892349996,1543.5015168064685
349,rigorous exercise,184.60831155883156,307.8801875949963,1543.102313953983
350,rigorous exercise,184.52038768662828,307.7335527114451,1542.7033012308598
351,rigorous exercise,184.43250569015225,307.58698766606443,1542.3044785465459
352,rigorous exercise,184.34466554945922,307.4404924255925,1541.9058458105305
353,rigorous exercise,184.25686724461443,307.2940669567829,1541.5074029323468
354,rigorous exercise,184.1691107556926,307.1477112264055,1541.109149821571
355,rigorous exercise,184.08139606277797,307.0014252012457,1540.7110863878215
356,rigorous exercise,183.99372314596422,306.85520884810495,1540.3132125407608
357,rigorous exercise,183.90609198535458,306.70906213380016,1539.9155281900937
358,rigorous exercise,183.81850256106168,306.5629850251645,1539.5180332455684
359,rigorous exercise,183.73095485320766,306.41697748904653,1539.1207276169757
360,rigorous exercise,183.64344884192414,306.2710394923108,1538.72361121415
361,rigorous exercise,183.55598450735218,306.1251710018376,1538.326683946968
362,rigorous exercise,183.4685618296423,305.97937198452314,1537.9299457253496
363,rigorous exercise,183.3811807889545,305.83364240727906,1537.5333964592573
364,rigorous exercise,183.2938413654582,305.68798223703305,1537.1370360586975
365,rigorous exercise,183.20654353933227,305.5423914407285,1531.7408644337183
366,rigorous exercise,183.11928729076504,305.39686998532454,1531.3448814944113
367,rigorous exercise,183.03207259995423,305.25141783779594,1530.9490871509101
368,rigorous exercise,182.94489944710705,305.1060349651332,1530.5534813133922
369,rigorous exercise,182.8577678124401,304.9607213343426,1530.1580638920775
370,rigorous exercise,182.7706776761794,304.81547691244634,1529.7628347972282
371,rigorous exercise,182.6836290185604,304.6703016664819,1529.3677939391496
372,rigorous exercise,182.59662181982796,304.5251955635028,1528.97294122819
373,rigorous exercise,182.50965606023635,304.38015857057803,1528.5782765747394
374,rigorous exercise,182.42273172004926,304.2351906547925,1528.183799889232
375,rigorous exercise,182.33584877953976,304.0902917832466,1527.7895110821432
376,rigorous exercise,182.24900721899033,303.9454619230564,1527.3954100639924
377,rigorous exercise,182.1622070186928,303.8007010413539,1527.00149674534
378,rigorous exercise,182.07544815894843,303.6560091052863,1526.6077710367906
379,rigorous exercise,181.98873062006786,303.51138608201666,1526.21423284899
380,rigorous exercise,181.9020543823711,303.36683193872386,1525.820882092628
381,rigorous exercise,181.8154194261875,303.22234664260225,1525.4277186784352
382,rigorous exercise,181.72882573185584,303.07793016086185,1525.0347425171865
383,rigorous exercise,181.6422732797242,302.9335824607281,1524.641953519698
384,rigorous exercise,181.5557620501501,302.7893035094422,1524.249351596829
385,rigorous exercise,181.46929202350032,302.64509327426117,1523.8569366594807
386,rigorous exercise,181.38286318015105,302.5009517224573,1523.4647086185973
387,rigorous exercise,181.29647550048782,302.35687882131845,1523.072667385165
388,rigorous exercise,181.2101289649055,302.2128745381484,1522.6808128702128
389,rigorous exercise,181.12382355380828,302.06893884026624,1522.2891449848112
390,rigorous exercise,181.0375592476097,301.9250716950066,1521.8976636400744
391,rigorous exercise,180.95133602673263,301.7812730697198,1521.5063687471575
392,rigorous exercise,180.86515387160927,301.6375429317717,1521.1152602172592
393,rigorous exercise,180.7790127626811,301.4938812485436,1520.7243379616198
394,rigorous exercise,180.692912680399,301.35028798743235,1520.3336018915215
395,rigorous exercise,180.60685360522302,301.2067631158505,1519.9430519182897
396,rigorous exercise,180.5208355176227,301.0633066012259,1519.5526879532918
397,rigorous exercise,180.4348583980767,300.91991841100213,1519.1625099079365
398,rigorous exercise,180.34892222707307,300.7765985126379,1518.772517693676
399,rigorous exercise,180.26302698510918,300.633346873608,1518.3827112220033
400,rigorous exercise,180.17717265269164,300.49016346140206,1517.9930904044552
401,rigorous exercise,180.09135921033635,300.34704824352576,1517.6036551526092
402,rigorous exercise,180.0055866385685,300.2040011874999,1517.2144053780858
403,rigorous exercise,179.91985491792255,300.06102226086097,1516.8253409925467
404,rigorous exercise,179.8341640289422,299.9181114311607,1516.4364619076966
405,rigorous exercise,179.7485139521805,299.77526866596634,1516.047768035282
406,rigorous exercise,179.66290466819967,299.6324939328607,1515.6592592870907
407,rigorous exercise,179.57733615757127,299.48978719944205,1515.2709355749537
408,rigorous exercise,179.49180840087604,299.34714843332387,1514.8827968107432
409,rigorous exercise,179.406321378704,299.20457760213526,1514.4948429063738
410,rigorous exercise,179.32087507165443,299.0620746735207,1514.1070737738014
411,rigorous exercise,179.23546946033582,298.91963961514006,1513.7194893250244
412,rigorous exercise,179.15010452536592,298.77727239466856,1513.3320894720832
413,rigorous exercise,179.0647802473717,298.6349729797969,1512.9448741270598
414,rigorous exercise,178.97949660698933,298.49274133823104,1512.557843202078
415,rigorous exercise,178.8942535848643,298.3505774376926,1512.1709966093035
416,rigorous exercise,178.80905116165115,298.2084812459183,1511.7843342609444
417,rigorous exercise,178.72388931801382,298.0664527306602,1511.3978560692497
418,rigorous exercise,178.63876803462534,297.92449185968593,1511.0115619465107
419,rigorous exercise,178.55368729216798,297.7825986007785,1510.6254518050605
420,rigorous exercise,178.4686470713332,297.6407729217359,1510.239525557274
421,rigorous exercise,178.38364735282167,297.49901479037186,1509.8537831155675
422,rigorous exercise,178.29868811734323,297.3573241745152,1509.468224392399
423,rigorous exercise,178.21376934561695,297.21570104201015,1509.082849300269
424,rigorous exercise,178.12889101837104,297.0741453607163,1508.6976577517185
425,rigorous exercise,178.0440531163429,296.9326570985084,1508.3126496593309
426,rigorous exercise,177.9592556202791,296.79123622327666,1507.9278249357312
427,rigorous exercise,177.8744985109354,296.6498827029265,1507.543183493586
428,rigorous exercise,177.78978176907674,296.50859650537853,1507.158725245603
429,rigorous exercise,177.70510537547716,296.3673775985689,1506.7744501045322
430,rigorous exercise,177.6204693109199,296.2262259504489,1506.3903579831644
431,rigorous exercise,177.53587355619734,296.08514152898493,1506.0064487943328
432,rigorous exercise,177.45131809211102,295.9441243021588,1505.6227224509112
433,rigorous exercise,177.3668028994716,295.8031742379676,1505.2391788658156
434,rigorous exercise,177.2823279590989,295.6622913044235,1504.8558179520032
435,rigorous exercise,177.19789325182188,295.52147546955416,1504.4726396224726
436,rigorous exercise,177.1134987584786,295.3807267014023,1504.089643790264
437,rigorous exercise,177.02914445991632,295.2400449680257,1503.7068303684591
438,rigorous exercise,176.94483033699132,295.09943023749787,1503.3241992701805
439,rigorous exercise,176.86055637056907,294.9588824779069,1502.9417504085927
440,rigorous exercise,176.7763225415241,294.81840165735656,1502.5594836969012
441,rigorous exercise,176.69212883074013,294.6779877439655,1502.1773990483534
442,rigorous exercise,176.60797521910987,294.5376407058677,1501.7954963762372
443,rigorous exercise,176.52386168753523,294.3973605112123,1501.4137755938823
444,rigorous exercise,176.43978821692718,294.2571471281636,1501.0322366146597
445,rigorous exercise,176.3557547882058,294.11700052490113,1500.6508793519815
446,rigorous exercise,176.27176138230018,293.9769206696194,1500.2697037193016
447,rigorous exercise,176.1878079801486,293.8369075305283,1499.8887096301137
448,rigorous exercise,176.10389456269834,293.6969610758526,1499.507896997954
449,rigorous exercise,176.02002111090582,293.55708127383247,1499.1272657363997
450,rigorous exercise,175.93618760573648,293.41726809272296,1498.7468157590688
451,rigorous exercise,175.8523940281648,293.2775215007945,1498.3665469796206
452,rigorous exercise,175.76864035917444,293.1378414663324,1497.9864593117554
453,rigorous exercise,175.68492657975798,292.9982279576372,1497.6065526692153
454,rigorous exercise,175.60125267091712,292.85868094302447,1497.226826965782
455,rigorous exercise,175.5176186136626,292.71920039082494,1496.84728211528
456,rigorous exercise,175.43402438901418,292.57978626938433,1496.4679180315734
457,rigorous exercise,175.35046997800075,292.4404385470635,1496.0887346285683
458,rigorous exercise,175.2669553616601,292.30115719223846,1495.7097318202113
459,rigorous exercise,175.18348052103917,292.16194217330013,1495.3309095204902
460,rigorous exercise,175.10004543719384,292.0227934586546,1494.9522676434335
461,rigorous exercise,175.01665009118906,291.88371101672277,1494.573806103111
462,rigorous exercise,174.9332944640988,291.744694815941,1494.1955248136337
463,rigorous exercise,174.849978537006,291.60574482476034,1493.817423689152
464,rigorous exercise,174.76670229100267,291.4668610116469,1493.4395026438592
465,rigorous exercise,174.68346570718978,291.32804334508205,1493.0617615919882
466,rigorous exercise,174.60026876667735,291.1892917935619,1492.6842004478128
467,rigorous exercise,174.5171114505843,291.05060632559776,1492.3068191256484
468,rigorous exercise,174.4339937400387,290.9119869097157,1491.9296175398504
469,rigorous exercise,174.35091561617742,290.77343351445705,1491.5525956048155
470,rigorous exercise,174.26787706014645,290.6349461083779,1491.1757532349807
471,rigorous exercise,174.18487805310073,290.4965246600495,1490.7990903448242
472,rigorous exercise,174.10191857620416,290.3581691380579,1490.422606848865
473,rigorous exercise,174.01899861062958,290.2198795110043,1490.0463026616621
474,rigorous exercise,173.93611813755888,290.0816557475047,1489.6701776978157
475,rigorous exercise,173.85327713818282,289.94349781619,1489.294231871967
476,rigorous exercise,173.77047559370118,289.8054056857063,1488.9184650987972
477,rigorous exercise,173.6877134853227,289.6673793247144,1488.5428772930286
478,rigorous exercise,173.604990794265,289.52941870189005,1488.1674683694237
479,rigorous exercise,173.52230750175474,289.39152378592405,1487.792238242786
480,rigorous exercise,173.43966358902745,289.253694545522,1487.4171868279595
481,rigorous exercise,173.35705903732762,289.1159309494044,1487.0423140398284
482,rigorous exercise,173.27449382790869,288.97823296630673,1486.667619793318
483,rigorous exercise,173.191967942033,288.84060056497924,1486.2931040033936
484,rigorous exercise,173.10948136097178,288.70303371418714,1485.9187665850616
485,rigorous exercise,173.02703406600529,288.56553238271056,1485.544607453368
486,rigorous exercise,172.94462603842263,288.4280965393444,1485.1706265234
487,rigorous exercise,172.8622572595218,288.29072615289857,1484.796823710285
488,rigorous exercise,172.77992771060977,288.15342119219764,1484.423198929191
489,rigorous exercise,172.69763737300232,288.0161816260811,1484.0497520953259
490,rigorous exercise,172.61538622802422,287.8790074234034,1483.6764831239384
491,rigorous exercise,172.53317425700908,287.7418985530337,1483.303391930318
492,rigorous exercise,172.4510014412994,287.6048549838559,1482.9304784297933
493,rigorous exercise,172.36886776224662,287.46787668476895,1482.5577425377342
494,rigorous exercise,172.286773201211,287.33096362468655,1482.1851841695507
495,rigorous exercise,172.2047177395617,287.194115772537,1481.812803240693
496,rigorous exercise,172.12270135867675,287.0573330972636,1481.440599666652
497,rigorous exercise,172.0407240399431,286.9206155678244,1481.0685733629577
498,rigorous exercise,171.95878576475647,286.78396315319236,1480.696724245182
499,rigorous exercise,171.87688651452152,286.6473758223549,1480.3250522289354
500,rigorous exercise,171.7950262706517,286.5108535443145,1479.9535572298696
501,rigorous exercise,171.71320501456938,286.37439628808823,1479.5822391636761
502,rigorous exercise,171.63142272770574,286.238004022708,1479.2110979460867
503,rigorous exercise,171.54967939150083,286.1016767172205,1478.840133492873
504,rigorous exercise,171.4679749874035,285.9654143406871,1478.4693457198478
505,rigorous exercise,171.38630949687143,285.8292168621839,1478.098734542862
506,rigorous exercise,171.3046829013712,285.69308425080175,1477.7282998778087
507,rigorous exercise,171.22309518237816,285.5570164756462,1477.3580416406198
508,rigorous exercise,171.1415463213765,285.42101350583766,1476.9879597472673
509,rigorous exercise,171.0600362998592,285.28507531051093,1476.6180541137637
510,rigorous exercise,170.9785650993281,285.14920185881584,1476.2483246561615
511,rigorous exercise,170.89713270129386,285.01339311991677,1475.8787712905523
512,rigorous exercise,170.81573908727586,284.8776490629927,1475.509393933069
513,rigorous exercise,170.73438423880236,284.74196965723746,1475.1401924998831
514,rigorous exercise,170.6530681374104,284.6063548718594,1474.7711669072075
515,rigorous exercise,170.5717907646458,284.47080467608174,1474.4023170712935
516,rigorous exercise,170.4905521020632,284.33531903914206,1474.0336429084334
517,rigorous exercise,170.40935213122597,284.1998979302929,1473.6651443349588
518,rigorous exercise,170.32819083370632,284.0645413188012,1473.2968212672408
519,rigorous exercise,170.2470681910852,283.9292491739487,1472.9286736216918
520,rigorous exercise,170.16598418495232,283.7940214650317,1472.5607013147624
521,rigorous exercise,170.08493879690621,283.6588581613611,1472.1929042629436
522,rigorous exercise,170.00393200855413,283.5237592322625,1471.8252823827665
523,rigorous exercise,169.9229638015121,283.3887246470759,1471.4578355908016
524,rigorous exercise,169.84203415740492,283.2537543751563,1471.0905638036588
525,rigorous exercise,169.7611430578661,283.118848385873,1470.7234669379886
526,rigorous exercise,169.68029048453792,282.9840066486097,1470.3565449104806
527,rigorous exercise,169.5994764190714,282.84922913276523,1469.9897976378638
528,rigorous exercise,169.51870084312634,282.7145158077526,1469.623225036908
529,rigorous exercise,169.4379637383712,282.5798666429994,1469.256827024421
530,rigorous exercise,169.3572650864832,282.44528160794795,1468.8906035172517
531,rigorous exercise,169.27660486914834,282.310760672055,1468.524554432288
532,rigorous exercise,169.19598306806125,282.17630380479187,1468.1586796864567
533,rigorous exercise,169.11539966492535,282.04191097564444,1467.7929791967258
534,rigorous exercise,169.03485464145274,281.907582154113,1467.4274528801013
535,rigorous exercise,168.95434797936426,281.77331730971275,1467.0621006536296
536,rigorous exercise,168.8738796603894,281.63911641197285,1466.6969224343961
537,rigorous exercise,168.7934496662664,281.5049794304375,1466.3319181395264
538,rigorous exercise,168.71305797874223,281.370906334665,1465.9670876861844
539,rigorous exercise,168.63270457957245,281.23689709422837,1465.6024309915747
540,rigorous exercise,168.5523894505214,281.10295167871504,1465.2379479729407
541,rigorous exercise,168.47211257336204,280.96907005772704,1464.873638547565
542,rigorous exercise,168.39187392987608,280.8352522008807,1464.5095026327701
543,rigorous exercise,168.31167350185385,280.7014980778069,1464.145540145918
544,rigorous exercise,168.23151127109438,280.56780765815097,1463.781751004409
545,rigorous exercise,168.15138721940536,280.4341809115729,1463.418135125684
546,rigorous exercise,168.07130132860314,280.30061780774685,1463.0546924272226
547,rigorous exercise,167.99125358051276,280.1671183163614,1462.6914228265439
548,rigorous exercise,167.91124395696787,280.03368240711984,1462.328326241206
549,rigorous exercise,167.8312724398108,279.90031004973963,1461.9654025888062
550,rigorous exercise,167.7513390108925,279.7670012139529,1461.6026517869818
551,rigorous exercise,167.67144365207264,279.6337558695058,1461.2400737534085
552,rigorous exercise,167.59158634521944,279.5005739861595,1460.8776684058016
553,rigorous exercise,167.5117670722098,279.36745553368905,1460.5154356619155
554,rigorous exercise,167.43198581492928,279.234400481884,1460.1533754395437
555,rigorous exercise,167.35224255527197,279.1014088005484,1459.7914876565192
556,rigorous exercise,167.27253727514068,278.96848045950077,1459.4297722307138
557,rigorous exercise,167.1928699564468,278.83561542857365,1459.0682290800382
558,rigorous exercise,167.11324058111035,278.7028136776143,1458.7068581224426
559,rigorous exercise,167.03364913105992,278.5700751764842,1458.3456592759167
560,rigorous exercise,166.95409558823275,278.4373998950591,1457.9846324584878
561,rigorous exercise,166.87457993457468,278.3047878032293,1457.6237775882237
562,rigorous exercise,166.79510215204013,278.1722388708993,1457.2630945832307
563,rigorous exercise,166.71566222259213,278.03975306798793,1456.902583361654
564,rigorous exercise,166.63626012820228,277.9073303644284,1456.5422438416779
565,rigorous exercise,166.5568958508508,277.7749707301682,1456.1820759415255
566,rigorous exercise,166.47756937252646,277.6426741351692,1455.8220795794591
567,rigorous exercise,166.39828067522663,277.5104405494075,1455.46225467378
568,rigorous exercise,166.31902974095723,277.37826994287354,1455.102601142828
569,rigorous exercise,166.2398165517328,277.2461622855721,1454.743118904982
570,rigorous exercise,166.16064108957636,277.1141175475221,1454.3838078786598
571,rigorous exercise,166.08150333651957,276.9821356987568,1454.0246679823183
572,rigorous exercise,166.0024032746026,276.8502167093238,1453.6656991344528
573,rigorous exercise,165.92334088587424,276.71836054928497,1453.3069012535975
574,rigorous exercise,165.84431615239174,276.58656718871634,1452.9482742583255
575,rigorous exercise,165.76532905622096,276.4548365977083,1452.5898180672489
576,rigorous exercise,165.68637957943628,276.3231687463654,1452.2315325990182
577,rigorous exercise,165.6074677041206,276.19156360480645,1451.873417772323
578,rigorous exercise,165.5285934123654,276.06002114316453,1451.515473505891
579,rigorous exercise,165.44975668627066,275.9285413315868,1451.1576997184893
580,rigorous exercise,165.37095750794487,275.7971241402349,1450.8000963289237
581,rigorous exercise,165.29219585950506,275.66576953928455,1450.442663256038
582,rigorous exercise,165.2134717230768,275.53447749892547,1450.085400418715
583,rigorous exercise,165.13478508079413,275.403247989362,1449.7283077358763
584,rigorous exercise,165.05613591479963,275.2720809808123,1449.3713851264822
585,rigorous exercise,164.97752420724433,275.140976443509,1449.014632509531
